"Symbol","Description","Category2","Category3","GICS Sector","Market cap","Dividend yield","Price to TTM earnings","Price to TTM sales","Price to book value"
"AAPL","Apple Inc","Common stocks","Large cap","Information Technology","$2,621,228,613,420","0.55%","26.61","6.93","37.20"
"MSFT","Microsoft Corp","Common stocks","Large cap","Information Technology","$2,213,224,906,874","0.80%","31.64","11.97","14.08"
"GOOG","Alphabet Inc Class C","Common stocks","Large cap","Communication Services","$1,817,567,105,246","0.00%","11.36","7.05","3.43"
"GOOGL","Alphabet Inc Class A","Common stocks","Large cap","Communication Services","$1,817,567,105,246","0.00%","10.77","7.05","3.25"
"AMZN","Amazon.Com Inc.","Common stocks","Large cap","Consumer Discretionary","$1,600,203,723,680","0.00%","49.19","3.41","11.87"
"TSLA","Tesla Inc","Common stocks","Large cap","Consumer Discretionary","$875,317,245,003","0.00%","164.75","16.26","30.12"
"BRK.B","Berkshire Hathaway Inc. Class B","Common stocks","Large cap","Financials","$762,874,695,139","0.00%","4.91","2.15","0.87"
"NVDA","Nvidia Corp","Common stocks","Large cap","Information Technology","$619,150,000,000","0.06%","67.81","23.00","24.85"
"FB","Facebook Inc Class A","Common stocks","Large cap","Communication Services","$593,175,386,604","0.00%","12.70","5.03","4.00"
"UNH","Unitedhealth Group Inc","Common stocks","Large cap","Health Care","$477,054,685,005","1.14%","27.55","1.67","6.64"
"V","Visa Inc Class A","Common stocks","Large cap","Information Technology","$470,443,800,000","0.65%","27.93","18.47","10.04"
"JNJ","Johnson & Johnson","Common stocks","Large cap","Health Care","$464,854,610,334","2.38%","22.02","4.96","6.21"
"JPM","JP Morgan Chase & Co","Common stocks","Large cap","Financials","$413,836,177,146","2.69%","8.90","3.40","1.41"
"WMT","Walmart Stores Inc","Common stocks","Large cap","Consumer Staples","$402,240,115,195","1.52%","29.51","0.70","4.85"
"PG","Procter & Gamble","Common stocks","Large cap","Consumer Staples","$363,548,760,848","2.30%","25.04","4.64","8.14"
"HD","Home Depot Inc","Common stocks","Large cap","Consumer Discretionary","$351,240,289,576","2.02%","21.65","2.32","-209.80"
"BAC","Bank of America Corp","Common stocks","Large cap","Financials","$347,030,704,196","1.87%","11.32","3.89","1.28"
"MA","Mastercard Inc Class A","Common stocks","Large cap","Information Technology","$335,953,072,390","0.52%","39.08","17.79","45.98"
"XOM","Exxon Mobil Corp","Common stocks","Large cap","Energy","$334,369,130,042","4.35%","14.46","1.21","1.98"
"CVX","Chevron Corp","Common stocks","Large cap","Energy","$312,465,458,832","3.33%","20.16","2.01","2.26"
"PFE","Pfizer Inc","Common stocks","Large cap","Health Care","$305,010,312,587","2.86%","13.95","3.74","3.96"
"ABBV","Abbvie Inc","Common stocks","Large cap","Health Care","$280,506,669,741","3.29%","24.40","4.99","18.28"
"LLY","Eli Lilly","Common stocks","Large cap","Health Care","$271,904,627,944","1.23%","49.08","9.60","30.51"
"KO","Coca-Cola","Common stocks","Large cap","Consumer Staples","$260,489,844,743","2.80%","26.66","6.74","11.33"
"DIS","Walt Disney","Common stocks","Large cap","Communication Services","$253,923,741,414","0.00%","82.88","3.48","2.84"
"AVGO","Broadcom Inc.","Common stocks","Large cap","Information Technology","$246,058,812,724","3.04%","33.09","8.63","10.85"
"COST","Costco Wholesale Corp","Common stocks","Large cap","Consumer Staples","$245,009,955,269","0.57%","45.13","1.17","12.46"
"CSCO","Cisco Systems Inc","Common stocks","Large cap","Information Technology","$233,339,616,560","2.61%","19.66","4.53","5.89"
"TMO","Thermo Fisher Scientific Inc","Common stocks","Large cap","Health Care","$223,859,490,383","0.19%","29.83","5.71","5.65"
"PEP","Pepsico Inc","Common stocks","Large cap","Consumer Staples","$222,524,164,646","2.65%","29.55","2.80","13.94"
"VZ","Verizon Communications Inc","Common stocks","Large cap","Communication Services","$219,798,046,942","5.98%","9.66","1.65","2.61"
"ORCL","Oracle Corp","Common stocks","Large cap","Information Technology","$215,053,454,200","1.58%","28.82","5.14","-25.06"
"ABT","Abbott Laboratories","Common stocks","Large cap","Health Care","$213,734,050,760","1.49%","30.54","4.96","6.03"
"ACN","Accenture Plc Class A","Common stocks","Large cap","Information Technology","$210,337,322,891","1.15%","33.37","3.71","10.08"
"CMCSA","Comcast A Corp","Common stocks","Large cap","Communication Services","$210,265,570,956","2.14%","14.99","1.81","2.21"
"ADBE","Adobe Inc","Common stocks","Large cap","Information Technology","$209,893,769,938","0.00%","44.41","13.30","14.47"
"CRM","Salesforce.Com Inc","Common stocks","Large cap","Information Technology","$208,305,900,000","0.00%","150.01","7.86","3.73"
"DHR","Danaher Corp","Common stocks","Large cap","Health Care","$201,300,217,700","0.30%","33.34","6.83","4.63"
"NKE","Nike Inc Class B","Common stocks","Large cap","Consumer Discretionary","$200,012,042,339","0.91%","33.64","4.32","13.91"
"MRK","Merck & Co Inc","Common stocks","Large cap","Health Care","$199,398,014,308","3.35%","15.31","3.98","5.22"
"WFC","Wells Fargo","Common stocks","Large cap","Financials","$195,705,781,488","1.45%","9.65","2.51","1.04"
"UPS","United Parcel Service Inc Class B","Common stocks","Large cap","Industrials","$192,173,408,000","2.04%","12.49","1.98","11.30"
"INTC","Intel Corporation Corp","Common stocks","Large cap","Information Technology","$191,954,080,000","2.95%","9.73","2.43","2.03"
"MCD","Mcdonalds Corp","Common stocks","Large cap","Consumer Discretionary","$176,579,062,983","2.23%","23.55","7.60","-38.61"
"QCOM","Qualcomm Inc","Common stocks","Large cap","Information Technology","$171,946,210,688","1.81%","17.35","4.77","15.29"
"SCHW","Charles Schwab Corporation","Common stocks","Large cap","Financials","$168,703,796,654","0.82%","30.47","9.11","2.90"
"MS","Morgan Stanley","Common stocks","Large cap","Financials","$168,423,506,002","2.59%","11.68","2.99","1.60"
"UNP","Union Pacific Corp","Common stocks","Large cap","Industrials","$167,861,089,107","1.70%","25.52","7.70","11.75"
"T","AT&T Inc.","Common stocks","Large cap","Communication Services","$165,643,682,664","8.75%","8.35","0.98","0.90"
"TXN","Texas Instrument Inc","Common stocks","Large cap","Information Technology","$164,705,954,921","2.41%","21.44","8.98","12.47"
"NFLX","Netflix Inc","Common stocks","Large cap","Communication Services","$164,082,665,971","0.00%","32.87","5.53","10.61"
"NEE","Nextera Energy Inc","Common stocks","Large cap","Utilities","$161,995,494,331","1.90%","45.25","9.49","4.35"
"TMUS","T Mobile US Inc","Common stocks","Large cap","Communication Services","$161,095,939,568","0.00%","52.54","2.01","2.30"
"LIN","Linde Plc","Common stocks","Large cap","Materials","$158,569,057,129","1.40%","41.75","5.15","3.63"
"LOW","Lowes Companies Inc","Common stocks","Large cap","Consumer Discretionary","$157,912,866,158","1.28%","18.88","1.64","-32.97"
"BMY","Bristol Myers Squibb","Common stocks","Large cap","Health Care","$153,713,348,066","2.82%","22.13","3.31","4.30"
"MDT","Medtronic Plc","Common stocks","Large cap","Health Care","$147,220,509,394","2.23%","30.08","4.63","2.81"
"RTX","Raytheon Technologies Corporation","Common stocks","Large cap","Industrials","$145,673,733,852","2.07%","37.61","2.26","1.99"
"PM","Philip Morris International Inc","Common stocks","Large cap","Consumer Staples","$144,645,430,161","5.15%","16.01","4.61","-17.73"
"CVS","CVS Health Corp","Common stocks","Large cap","Health Care","$142,486,131,847","1.87%","17.80","0.49","1.87"
"AXP","American Express","Common stocks","Large cap","Financials","$141,976,603,228","0.92%","18.23","3.32","6.58"
"AMD","Advanced Micro Devices Inc","Common stocks","Large cap","Information Technology","$133,950,199,203","0.00%","43.03","8.15","18.15"
"AMGN","Amgen Inc","Common stocks","Large cap","Health Care","$132,851,895,646","3.02%","22.58","5.11","19.86"
"HON","Honeywell International Inc","Common stocks","Large cap","Industrials","$131,643,716,223","0.48%","24.10","3.83","6.94"
"PYPL","Paypal Holdings Inc","Common stocks","Large cap","Information Technology","$130,666,951,042","0.00%","33.19","5.15","6.37"
"INTU","Intuit Inc","Common stocks","Large cap","Information Technology","$129,828,814,960","0.54%","62.48","11.37","8.70"
"COP","ConocoPhillips","Common stocks","Large cap","Energy","$128,432,245,108","1.78%","16.02","2.80","2.85"
"DE","Deere & Company","Common stocks","Large cap","Industrials","$124,600,454,411","0.96%","22.46","2.83","7.12"
"ANTM","Anthem Inc","Common stocks","Large cap","Health Care","$121,093,304,225","0.97%","19.83","0.87","3.36"
"CAT","Caterpillar Inc","Common stocks","Large cap","Industrials","$118,806,380,907","1.95%","18.24","2.33","7.18"
"AMAT","Applied Material Inc","Common stocks","Large cap","Information Technology","$116,599,258,402","0.91%","18.23","4.82","10.04"
"PLD","Prologis, Inc","REITs","Large cap","Real Estate","$115,928,400,000","1.70%","40.40","24.36","3.14"
"IBM","International Business Machines Co","Common stocks","Large cap","Information Technology","$115,075,705,809","5.03%","20.17","2.01","6.13"
"GS","Goldman Sachs Group Inc","Common stocks","Large cap","Financials","$114,924,386,245","2.10%","5.47","1.97","1.05"
"LMT","Lockheed Martin Corp","Common stocks","Large cap","Industrials","$114,233,849,490","2.49%","17.99","1.70","10.37"
"C","Citigroup Inc","Common stocks","Large cap","Financials","$113,485,452,379","3.52%","5.47","1.58","0.56"
"NOW","Servicenow Inc","Common stocks","Large cap","Information Technology","$113,336,000,000","0.00%","504.24","19.23","31.39"
"BLK","Blackrock Inc","Common stocks","Large cap","Financials","$112,652,776,173","2.31%","19.03","5.81","2.97"
"BA","Boeing","Common stocks","Large cap","Industrials","$112,285,293,290","0.00%","-27.09","1.80","-7.59"
"AMT","American Tower Corporation","REITs","Large cap","Real Estate","$111,755,601,343","2.11%","43.06","11.94","21.76"
"GE","General Electric","Common stocks","Large cap","Industrials","$105,018,219,387","0.33%","-15.55","1.42","2.61"
"CHTR","Charter Communications Inc Class A","Common stocks","Large cap","Communication Services","$103,567,488,318","0.00%","22.24","2.00","7.37"
"TGT","Target Corp","Common stocks","Large cap","Consumer Discretionary","$102,023,299,887","1.52%","15.05","0.96","8.15"
"ISRG","Intuitive Surgical Inc","Common stocks","Large cap","Health Care","$101,634,179,129","0.00%","49.66","17.80","8.76"
"SBUX","Starbucks Corp","Common stocks","Large cap","Consumer Discretionary","$100,835,298,000","2.13%","23.46","3.32","-12.19"
"SYK","Stryker Corp","Common stocks","Large cap","Health Care","$99,671,797,104","0.98%","50.62","5.83","6.78"
"EL","Estee Lauder Inc Class A","Common stocks","Large cap","Consumer Staples","$98,498,132,909","0.83%","19.78","5.56","10.35"
"SPGI","S&P Global Inc","Common stocks","Large cap","Financials","$97,041,060,000","0.76%","32.67","11.70","46.89"
"MO","Altria Group Inc","Common stocks","Large cap","Consumer Staples","$93,934,030,974","6.63%","37.99","4.45","-58.48"
"ZTS","Zoetis Inc","Common stocks","Large cap","Health Care","$91,411,261,934","0.55%","45.39","11.76","20.35"
"MU","Micron Technology Inc","Common stocks","Large cap","Information Technology","$90,164,452,897","0.25%","12.08","3.04","1.94"
"CB","Chubb Ltd","Common stocks","Large cap","Financials","$89,976,995,519","1.51%","10.56","2.20","1.51"
"ADP","Automatic Data Processing Inc","Common stocks","Large cap","Information Technology","$89,856,083,089","1.83%","32.87","5.80","17.86"
"BKNG","Booking Holdings Inc","Common stocks","Large cap","Consumer Discretionary","$88,743,939,973","0.00%","77.06","8.10","14.53"
"CME","CME Group Inc Class A","Common stocks","Large cap","Financials","$88,511,698,394","1.49%","34.18","18.87","3.27"
"MDLZ","Mondelez International Inc","Common stocks","Large cap","Consumer Staples","$86,864,914,660","2.12%","19.95","3.02","3.04"
"MMM","3M","Common stocks","Large cap","Industrials","$84,345,759,000","3.96%","14.31","2.39","5.63"
"USB","US Bancorp","Common stocks","Large cap","Financials","$84,127,436,124","3.07%","11.04","3.70","1.53"
"ADI","Analog Devices Inc","Common stocks","Large cap","Information Technology","$83,719,954,497","1.76%","66.72","9.91","2.29"
"DUK","Duke Energy Corp","Common stocks","Large cap","Utilities","$81,934,454,187","3.63%","21.13","3.26","1.64"
"MMC","Marsh & McLennan Inc","Common stocks","Large cap","Financials","$80,839,685,487","1.28%","25.97","4.08","7.41"
"PNC","PNC Financial Services Group, Inc.","Common stocks","Large cap","Financials","$80,791,068,043","2.52%","14.89","4.22","1.45"
"HCA","HCA Healthcare, Inc.","Common stocks","Large cap","Health Care","$80,629,851,447","0.75%","11.32","1.37","-84.38"
"CSX","CSX Corp","Common stocks","Large cap","Industrials","$79,620,036,817","1.04%","21.06","6.36","5.90"
"TFC","Truist Financial Corporation","Common stocks","Large cap","Financials","$78,197,966,243","3.18%","12.90","3.52","1.12"
"CI","Cigna Corp","Common stocks","Large cap","Health Care","$77,795,857,056","1.69%","14.43","0.45","1.64"
"CCI","Crown Castle International Corp.","REITs","Large cap","Real Estate","$76,467,401,371","3.13%","68.97","12.06","9.15"
"ICE","Intercontinental Exchange Inc","Common stocks","Large cap","Financials","$75,063,468,616","1.02%","18.95","8.19","3.39"
"BDX","Becton Dickinson","Common stocks","Large cap","Health Care","$74,692,605,786","1.29%","44.52","3.75","3.09"
"TJX","TJX Companies, Inc.","Common stocks","Large cap","Consumer Discretionary","$74,256,680,027","1.66%","29.83","1.53","12.41"
"GILD","Gilead Sciences Inc","Common stocks","Large cap","Health Care","$74,230,094,061","4.75%","11.97","2.72","3.54"
"LRCX","Lam Research Corp","Common stocks","Large cap","Information Technology","$73,421,715,264","1.10%","16.55","4.44","11.73"
"SO","Southern Co","Common stocks","Large cap","Utilities","$72,530,100,817","3.80%","30.14","3.14","2.56"
"REGN","Regeneron Pharmaceuticals Inc","Common stocks","Large cap","Health Care","$72,442,334,014","0.00%","8.98","4.51","3.86"
"FCX","Freeport-McMoRan, Inc.","Common stocks","Large cap","Materials","$70,687,811,462","0.62%","16.24","3.09","5.00"
"EW","Edwards Lifesciences Corp","Common stocks","Large cap","Health Care","$70,262,604,180","0.00%","46.84","13.43","12.07"
"NSC","Norfolk Southern Corp","Common stocks","Large cap","Industrials","$69,690,941,955","1.60%","21.93","6.25","4.83"
"AON","Aon Plc","Common stocks","Large cap","Financials","$69,609,617,028","0.64%","55.90","5.71","66.12"
"EOG","EOG Resources Inc","Common stocks","Large cap","Energy","$68,999,855,061","1.64%","14.53","3.51","3.06"
"MRNA","Moderna, Inc.","Common stocks","Large cap","Health Care","$67,812,181,544","0.00%","5.91","3.67","5.10"
"NOC","Northrop Grumman Corp","Common stocks","Large cap","Industrials","$66,936,509,299","1.46%","9.54","1.88","5.17"
"D","Dominion Energy Inc","Common stocks","Large cap","Utilities","$66,853,816,822","3.05%","20.10","4.79","4.11"
"ITW","Illinois Tool Inc","Common stocks","Large cap","Industrials","$66,146,496,366","2.22%","24.66","4.58","18.33"
"FISV","Fiserv Inc","Common stocks","Large cap","Information Technology","$66,049,602,077","0.00%","49.79","4.07","2.15"
"EQIX","Equinix, Inc.","REITs","Large cap","Real Estate","$65,306,447,135","1.62%","132.81","9.84","6.10"
"F","Ford Motor Company","Common stocks","Large cap","Consumer Discretionary","$65,215,696,992","1.20%","3.70","0.48","1.37"
"WM","Waste Management Inc","Common stocks","Large cap","Industrials","$64,522,130,922","1.52%","35.54","3.60","9.06"
"SHW","Sherwin Williams","Common stocks","Large cap","Materials","$64,490,751,358","0.91%","35.15","3.23","26.89"
"PSA","Public Storage","REITs","Large cap","Real Estate","$64,141,982,870","2.17%","35.69","18.78","6.87"
"PGR","Progressive Corp","Common stocks","Large cap","Financials","$64,052,611,663","1.73%","19.57","1.34","3.57"
"GD","General Dynamics Corp","Common stocks","Large cap","Industrials","$64,012,158,373","2.05%","19.63","1.66","3.62"
"VRTX","Vertex Pharmaceuticals Inc","Common stocks","Large cap","Health Care","$63,644,172,750","0.00%","27.07","8.40","6.28"
"GM","General Motors","Common stocks","Large cap","Consumer Discretionary","$63,438,911,573","0.00%","6.62","0.50","1.09"
"CL","Colgate-Palmolive","Common stocks","Large cap","Consumer Staples","$63,145,804,989","2.38%","28.02","3.62","99.64"
"BSX","Boston Scientific Corp","Common stocks","Large cap","Health Care","$63,075,499,518","0.00%","64.12","5.31","3.80"
"ETN","Eaton Corporation, PLC","Common stocks","Large cap","Industrials","$61,690,372,000","1.98%","28.94","3.14","3.78"
"ATVI","Activision Blizzard Inc","Common stocks","Large cap","Communication Services","$61,473,840,314","0.60%","22.75","6.98","3.49"
"FDX","FedEx Corporation","Common stocks","Large cap","Industrials","$60,407,710,589","1.31%","11.30","0.66","2.37"
"MCO","Moodys Corp","Common stocks","Large cap","Financials","$59,659,946,529","0.79%","27.73","9.59","22.52"
"PXD","Pioneer Natural Resource","Common stocks","Large cap","Energy","$58,629,772,381","1.30%","27.55","3.28","2.55"
"COF","Capital One Financial Corp","Common stocks","Large cap","Financials","$58,544,314,078","1.59%","4.92","1.93","0.96"
"NEM","Newmont Corporation","Common stocks","Large cap","Materials","$58,101,802,159","2.96%","50.27","4.75","2.66"
"FIS","Fidelity National Information Services","Common stocks","Large cap","Information Technology","$58,033,035,306","1.71%","140.07","4.18","1.23"
"EMR","Emerson Electric","Common stocks","Large cap","Industrials","$56,807,001,000","2.12%","20.95","3.06","5.63"
"MET","Metlife Inc","Common stocks","Large cap","Financials","$56,245,583,893","2.79%","8.89","0.87","0.84"
"HUM","Humana Inc","Common stocks","Large cap","Health Care","$55,905,194,257","0.63%","19.04","0.67","3.47"
"MAR","Marriott International Inc","Common stocks","Large cap","Consumer Discretionary","$55,877,514,648","0.00%","50.83","4.03","39.51"
"SLB","Schlumberger Nv","Common stocks","Large cap","Energy","$55,828,393,175","1.26%","29.85","2.43","3.74"
"OXY","Occidental Petroleum Corp","Common stocks","Large cap","Energy","$54,185,052,002","0.28%","34.52","2.09","2.58"
"KLAC","KLA-Tencor Corporation","Common stocks","Large cap","Information Technology","$53,143,737,095","1.14%","18.42","6.51","13.59"
"ILMN","Illumina Inc","Common stocks","Large cap","Health Care","$53,106,820,000","0.00%","71.41","11.73","5.06"
"DG","Dollar General Corp","Common stocks","Large cap","Consumer Discretionary","$51,424,941,498","0.75%","21.77","1.51","8.50"
"CNC","Centene Corp","Common stocks","Large cap","Health Care","$51,281,345,579","0.00%","10.57","0.41","1.91"
"APD","Air Products And Chemicals Inc","Common stocks","Large cap","Materials","$50,673,508,799","2.60%","23.59","4.63","3.72"
"AIG","American International Group Inc","Common stocks","Large cap","Financials","$50,598,336,232","2.08%","5.41","0.98","0.77"
"NXPI","NXP Semiconductors Nv","Common stocks","Large cap","Information Technology","$49,821,865,864","1.33%","27.00","4.50","7.74"
"SRE","Sempra Energy","Common stocks","Large cap","Utilities","$49,760,933,820","3.49%","39.80","3.87","1.92"
"ECL","Ecolab Inc","Common stocks","Large cap","Materials","$49,226,635,327","1.15%","43.43","3.87","6.79"
"FTNT","Fortinet Inc","Common stocks","Large cap","Information Technology","$48,804,271,552","0.00%","84.80","14.60","65.83"
"ROP","Roper Technologies Inc","Common stocks","Large cap","Industrials","$48,786,397,713","0.50%","42.93","8.01","4.28"
"LHX","L3Harris Technologies, Inc.","Common stocks","Large cap","Industrials","$48,032,865,012","1.67%","25.78","2.70","2.46"
"AEP","American Electric Power Inc","Common stocks","Large cap","Utilities","$47,901,676,990","3.16%","19.08","2.85","2.12"
"CTSH","Cognizant Technology Solutions","Common stocks","Large cap","Information Technology","$47,512,364,720","1.09%","22.51","2.57","4.01"
"ADM","Archer-Daniels-Midland Company","Common stocks","Large cap","Consumer Staples","$47,098,315,402","1.79%","17.43","0.55","2.10"
"ORLY","Oreilly Automotive Inc","Common stocks","Large cap","Consumer Discretionary","$46,708,555,812","0.00%","21.23","3.50","-691.83"
"SNPS","Synopsys Inc","Common stocks","Large cap","Information Technology","$46,549,664,904","0.00%","53.60","10.33","9.04"
"KHC","Kraft Heinz","Common stocks","Large cap","Consumer Staples","$46,196,192,663","4.17%","45.49","1.77","0.93"
"DOW","Dow Inc.","Common stocks","Large cap","Materials","$46,192,795,003","4.38%","7.26","0.84","2.52"
"ADSK","Autodesk Inc","Common stocks","Large cap","Information Technology","$45,993,232,697","0.00%","93.26","10.49","54.59"
"JCI","Johnson Controls International Plc","Common stocks","Large cap","Industrials","$45,590,620,301","1.76%","29.43","1.88","2.67"
"APH","Amphenol Corp","Common stocks","Large cap","Information Technology","$45,471,507,566","0.83%","28.89","4.18","7.23"
"PAYX","Paychex Inc","Common stocks","Large cap","Information Technology","$45,318,293,084","2.08%","36.13","10.46","14.82"
"IDXX","Idexx Laboratories Inc","Common stocks","Large cap","Health Care","$44,406,850,213","0.00%","61.36","13.81","66.24"
"MCK","Mckesson Corp","Common stocks","Large cap","Health Care","$44,178,537,640","0.62%","31.73","0.17","-35.16"
"DXCM","Dexcom Inc","Common stocks","Large cap","Health Care","$44,138,655,749","0.00%","293.68","18.03","20.18"
"CMG","Chipotle Mexican Grill Inc","Common stocks","Large cap","Consumer Discretionary","$43,829,352,295","0.00%","68.16","5.81","19.37"
"TRV","Travelers Companies Inc","Common stocks","Large cap","Financials","$43,718,877,514","1.93%","11.96","1.26","1.51"
"PRU","Prudential Financial Inc","Common stocks","Large cap","Financials","$43,390,400,000","3.97%","5.64","0.61","0.70"
"TEL","TE Connectivity Ltd","Common stocks","Large cap","Information Technology","$43,288,729,674","1.50%","17.86","2.84","3.96"
"SPG","Simon Property Group, Inc","REITs","Large cap","Real Estate","$43,258,624,813","5.58%","19.14","8.45","12.79"
"MPC","Marathon Petroleum Corp","Common stocks","Large cap","Energy","$43,094,019,512","2.97%","4.49","0.36","1.34"
"HSY","Hershey Foods","Common stocks","Large cap","Consumer Staples","$43,025,032,820","1.68%","20.38","4.80","10.92"
"IQV","IQVIA Holdings, Inc.","Common stocks","Large cap","Health Care","$42,619,880,897","0.00%","44.99","3.07","7.19"
"EXC","Exelon Corp","Common stocks","Large cap","Utilities","$42,586,951,260","2.63%","24.85","1.17","1.23"
"CDNS","Cadence Design Systems Inc","Common stocks","Large cap","Information technology","$42,521,155,520","0.00%","63.31","14.23","16.08"
"BK","Bank Of New York Mellon Corp","Common stocks","Large cap","Financials","$42,381,148,347","2.51%","11.89","2.71","0.98"
"HLT","Hilton Worldwide Holdings Inc","Common stocks","Large cap","Consumer Discretionary","$42,189,080,853","0.00%","103.34","7.29","-51.61"
"MCHP","Microchip Technology Inc","Common stocks","Large cap","Information Technology","$41,932,820,781","0.92%","44.60","6.51","7.40"
"STZ","Constellation Brands Class A","Common stocks","Large cap","Consumer Staples","$41,622,397,325","1.36%","46.28","4.80","3.30"
"RSG","Republic Services Inc","Common stocks","Large cap","Industrials","$41,620,215,334","1.34%","32.24","3.68","4.63"
"MNST","Monster Beverage Corp","Common stocks","Large cap","Consumer Staples","$41,438,211,561","0.00%","30.97","7.48","6.50"
"WELL","Welltower Inc","REITs","Large cap","Real Estate","$41,154,199,860","2.62%","122.65","8.74","2.34"
"A","Agilent Technologies Inc","Common stocks","Large cap","Health Care","$41,096,091,170","0.58%","34.68","6.38","8.11"
"WBA","Walgreen Boots Alliance Inc","Common stocks","Large cap","Consumer Staples","$40,988,155,842","3.94%","6.36","0.30","1.56"
"CTAS","Cintas Corp","Common stocks","Large cap","Industrials","$40,972,292,868","0.91%","36.11","5.51","11.66"
"KR","Kroger","Common stocks","Large cap","Consumer Staples","$40,924,324,692","1.45%","37.69","0.28","4.32"
"SYY","Sysco Corp","Common stocks","Large cap","Consumer Staples","$40,884,343,354","2.31%","53.02","0.67","34.11"
"KMB","Kimberly Clark Corp","Common stocks","Large cap","Consumer Staples","$40,882,889,751","3.73%","22.45","2.10","55.25"
"AFL","Aflac Inc","Common stocks","Large cap","Financials","$40,876,249,038","2.19%","9.46","1.86","1.23"
"CTVA","Corteva, Inc.","Common stocks","Large cap","Materials","$40,560,501,590","0.98%","23.08","2.59","1.60"
"MSCI","MSCI Inc","Common stocks","Large cap","Financials","$40,507,176,562","0.78%","58.25","19.82","-258,683,206.52"
"CARR","Carrier Global Corporation","Common stocks","Large cap","Industrials","$40,193,670,662","1.08%","24.49","1.95","6.02"
"AZO","Autozone Inc","Common stocks","Large cap","Consumer Discretionary","$40,140,090,539","0.00%","16.73","2.57","-12.84"
"KMI","Kinder Morgan Inc","Common stocks","Large cap","Energy","$39,817,028,821","6.01%","22.06","2.40","1.28"
"BAX","Baxter International Inc","Common stocks","Large cap","Health Care","$39,775,086,953","1.40%","30.85","3.11","4.36"
"O","Realty Income Corporation","REITs","Large cap","Real Estate","$39,316,903,569","4.23%","110.02","18.90","1.58"
"DLR","Digital Realty Trust, Inc","REITs","Large cap","Real Estate","$39,225,102,168","3.36%","23.46","8.86","2.19"
"DD","DuPont de Nemours, Inc.","Common stocks","Large cap","Materials","$38,883,516,362","1.61%","6.08","2.33","1.45"
"MSI","Motorola Solutions Inc","Common stocks","Large cap","Information Technology","$38,819,293,559","1.29%","31.49","4.75","-980.20"
"ANET","Arista Networks Inc","Common stocks","Large cap","Information Technology","$38,778,588,828","0.00%","48.04","13.15","10.15"
"WMB","Williams Inc","Common stocks","Large cap","Energy","$38,327,640,700","5.14%","25.26","3.48","3.35"
"DVN","Devon Energy Corp","Common stocks","Large cap","Energy","$38,204,784,000","3.54%","13.77","3.21","4.18"
"GIS","General Mills Inc","Common stocks","Large cap","Consumer Staples","$38,134,727,574","3.20%","16.83","2.05","3.84"
"XEL","Xcel Energy Inc","Common stocks","Large cap","Utilities","$37,931,696,981","2.64%","23.44","2.82","2.40"
"RMD","Resmed Inc","Common stocks","Large cap","Health Care","$37,906,840,730","0.63%","73.25","11.01","12.15"
"GPN","Global Payments Inc","Common stocks","Large cap","Information Technology","$37,622,991,041","0.71%","39.43","4.41","1.49"
"PH","Parker-Hannifin Corp","Common stocks","Large cap","Industrials","$37,112,049,357","1.42%","20.54","2.43","4.26"
"ODFL","Old Dominion Freight Line Inc","Common stocks","Large cap","Industrials","$37,075,738,332","0.28%","36.46","7.05","10.25"
"TDG","Transdigm Group Inc","Common stocks","Large cap","Industrials","$36,772,468,945","0.00%","46.26","7.53","-13.93"
"TT","Trane Technologies plc","Common stocks","Large cap","Industrials","$36,765,901,666","1.54%","26.04","2.60","5.93"
"VLO","Valero Energy Corp","Common stocks","Large cap","Energy","$36,464,860,397","4.32%","39.89","0.32","2.01"
"ALL","Allstate Corp","Common stocks","Large cap","Financials","$36,441,066,175","2.48%","25.02","0.72","1.48"
"HPQ","HP Inc","Common stocks","Large cap","Information Technology","$36,330,586,442","2.55%","5.99","0.56","-16.78"
"NUE","Nucor Corp","Common stocks","Large cap","Materials","$36,313,017,765","1.26%","5.37","1.00","2.61"
"BKR","Baker Hughes Company Class A","Common stocks","Large cap","Energy","$36,212,695,200","1.52%","-154.33","1.76","2.01"
"SBAC","SBA Communications Corporation","REITs","Large cap","Real Estate","$35,621,034,915","0.74%","150.16","15.43","-6.75"
"EA","Electronic Arts Inc","Common stocks","Large cap","Communication Services","$35,203,403,508","0.54%","55.49","5.41","4.66"
"DLTR","Dollar Tree Inc","Common stocks","Large cap","Consumer Discretionary","$34,921,365,338","0.00%","24.92","1.33","4.58"
"AJG","Arthur J Gallagher","Common stocks","Large cap","Financials","$34,438,625,880","1.18%","38.49","4.20","4.10"
"YUM","Yum Brands Inc","Common stocks","Large cap","Consumer Discretionary","$34,397,406,287","1.73%","22.38","5.22","-4.21"
"AVB","AvalonBay Communities, Inc","REITs","Large cap","Real Estate","$34,374,918,981","2.56%","34.15","14.98","3.14"
"LYB","Lyondellbasell Industries NV","Common stocks","Large cap","Materials","$34,181,878,644","4.29%","6.00","0.74","2.83"
"PEG","Public Service Enterprise Group Inc","Common stocks","Large cap","Utilities","$34,015,780,096","3.03%","-51.76","3.50","2.32"
"PSX","Phillips 66","Common stocks","Large cap","Energy","$34,002,695,839","4.62%","26.32","0.31","1.80"
"EQR","Equity Residential","REITs","Large cap","Real Estate","$33,576,928,055","2.67%","25.16","13.63","3.05"
"TROW","T Rowe Price Group Inc","Common stocks","Large cap","Financials","$33,527,432,697","2.98%","11.00","4.37","3.71"
"ALGN","Align Technology Inc","Common stocks","Large cap","Health Care","$33,525,906,787","0.00%","45.20","8.48","9.63"
"AMP","Ameriprise Finance Inc","Common stocks","Large cap","Financials","$33,214,208,406","1.50%","12.07","2.46","5.86"
"SIVB","SVB Financial Group","Common stocks","Large cap","Financials","$33,211,535,243","0.00%","18.95","5.65","2.07"
"FAST","Fastenal","Common stocks","Large cap","Industrials","$32,886,931,114","2.00%","36.01","5.47","10.95"
"EBAY","Ebay Inc","Common stocks","Large cap","Consumer Discretionary","$32,707,734,698","1.36%","2.42","3.03","3.37"
"VRSK","Verisk Analytics Inc","Common stocks","Large cap","Industrials","$32,645,280,290","0.58%","50.41","10.89","11.92"
"ROST","Ross Stores Inc","Common stocks","Large cap","Consumer Discretionary","$32,580,534,864","1.26%","29.01","1.72","8.12"
"OTIS","Otis Worldwide Corporation","Common stocks","Large cap","Industrials","$32,462,874,375","1.25%","26.60","2.27","-9.14"
"DFS","Discover Financial Services","Common stocks","Large cap","Financials","$32,370,756,917","1.70%","6.17","2.68","2.46"
"TSN","Tyson Foods Inc Class A","Common stocks","Large cap","Consumer Staples","$32,262,449,600","2.03%","6.89","0.65","1.38"
"HAL","Halliburton","Common stocks","Large cap","Energy","$32,249,731,745","0.71%","22.23","2.11","4.82"
"IFF","International Flavors & Fragrances","Common stocks","Large cap","Materials","$32,232,895,505","2.45%","121.81","2.77","1.56"
"STT","State Street Corp","Common stocks","Large cap","Financials","$32,232,229,199","2.45%","12.66","2.95","1.19"
"FITB","Fifth Third Bancorp","Common stocks","Large cap","Financials","$31,965,653,121","2.41%","12.02","4.16","1.44"
"GLW","Corning Inc","Common stocks","Large cap","Information Technology","$31,888,526,075","2.60%","29.80","2.26","2.61"
"ED","Consolidated Edison Inc","Common stocks","Large cap","Utilities","$31,871,677,084","3.41%","23.33","2.33","1.57"
"ABC","AmerisourceBergen Corp","Common stocks","Large cap","Health Care","$31,830,716,694","1.18%","19.69","0.14","131.61"
"MTD","Mettler Toledo Inc","Common stocks","Large cap","Health Care","$31,582,690,137","0.00%","41.55","8.49","186.38"
"ROK","Rockwell Automation Inc","Common stocks","Large cap","Industrials","$31,489,149,604","1.61%","31.86","4.32","12.80"
"PCAR","Paccar Inc","Common stocks","Large cap","Industrials","$31,384,594,537","1.48%","16.55","1.33","2.70"
"APTV","Aptiv Plc","Common stocks","Large cap","Consumer Discretionary","$31,344,906,458","0.00%","61.02","2.01","3.85"
"ARE","Alexandria Real Estate Equities, Inc","REITs","Large cap","Real Estate","$31,032,205,081","2.29%","55.80","14.68","1.93"
"AME","Ametek Inc","Common stocks","Large cap","Industrials","$30,687,934,320","0.62%","31.47","5.53","4.53"
"PPG","PPG Industries Inc","Common stocks","Large cap","Materials","$30,387,540,210","1.79%","21.49","1.81","4.92"
"BF.B","Brown Forman Inc Class B","Common stocks","Large cap","Consumer Staples","$30,333,362,374","1.12%","24.86","8.09","7.96"
"CPRT","Copart Inc","Common stocks","Large cap","Industrials","$30,304,655,863","0.00%","28.15","9.59","7.50"
"CBRE","CBRE Group Inc","Common stocks","Large cap","Real Estate","$30,257,970,818","0.00%","16.48","1.09","3.55"
"WEC","WEC Energy Group Inc","Common stocks","Large cap","Utilities","$30,215,473,724","2.85%","22.97","3.63","2.73"
"BIIB","Biogen Inc","Common stocks","Large cap","Health Care","$30,174,400,659","0.00%","19.70","2.75","2.81"
"WST","West Pharmaceutical Services Inc","Common stocks","Large cap","Health Care","$30,101,871,126","0.17%","46.55","10.63","13.19"
"HES","Hess Corp","Common stocks","Large cap","Energy","$30,086,870,483","1.15%","53.97","4.03","4.79"
"TWTR","Twitter Inc","Common stocks","Large cap","Communication Services","$29,863,915,492","0.00%","-136.58","5.88","4.14"
"OKE","Oneok Inc","Common stocks","Large cap","Energy","$29,833,820,235","5.47%","19.95","1.80","4.97"
"WY","Weyerhaeuser Company","REITs","Large cap","Real Estate","$29,487,537,810","1.68%","11.45","2.89","2.77"
"DHI","D R Horton Inc","Common stocks","Large cap","Consumer Discretionary","$29,482,599,328","1.02%","6.71","1.02","1.94"
"BLL","Ball Corp","Common stocks","Large cap","Materials","$29,413,402,619","0.82%","34.02","2.13","8.24"
"CMI","Cummins Inc","Common stocks","Large cap","Industrials","$29,255,875,636","2.75%","13.82","1.22","3.48"
"EFX","Equifax Inc","Common stocks","Large cap","Industrials","$29,229,495,650","0.65%","39.55","5.94","8.21"
"FRC","First Republic Bank","Common stocks","Large cap","Financials","$29,090,759,580","0.52%","18.00","5.87","1.56"
"ES","Eversource Energy","Common stocks","Large cap","Utilities","$29,022,506,395","2.87%","23.54","2.94","1.97"
"NDAQ","Nasdaq Inc","Common stocks","Large cap","Financials","$28,952,973,275","1.22%","24.85","4.92","4.61"
"EXPE","Expedia Inc","Common stocks","Large cap","Consumer Discretionary","$28,844,333,760","0.00%","-107.89","3.35","8.17"
"AWK","American Water Works Inc","Common stocks","Large cap","Utilities","$28,579,487,668","1.52%","22.81","7.27","3.95"
"LVS","Las Vegas Sands Corp","Common stocks","Large cap","Consumer Discretionary","$28,550,297,032","0.00%","-30.97","6.74","13,240.68"
"KEYS","Keysight Technologies Inc","Common stocks","Large cap","Information Technology","$28,524,590,342","0.00%","30.89","5.69","7.71"
"CERN","Cerner Corp","Common stocks","Large cap","Health Care","$27,509,808,760","0.99%","72.29","4.77","7.46"
"WTW","Willis Towers Watson Public Limited Company","Common stocks","Large cap","Financials","$27,418,245,772","1.29%","5.62","2.87","2.10"
"MTCH","Match Group Inc","Common stocks","Large cap","Communication Services","$27,163,225,915","0.00%","105.44","9.11","-143.70"
"HRL","Hormel Foods Corp","Common stocks","Large cap","Consumer Staples","$27,086,381,217","1.99%","28.99","2.26","3.78"
"ANSS","Ansys Inc","Common stocks","Large cap","Information Technology","$27,009,022,113","0.00%","61.13","14.17","6.20"
"EXR","Extra Space Storage Inc","REITs","Large cap","Real Estate","$26,297,922,416","2.53%","31.51","16.67","8.37"
"TSCO","Tractor Supply","Common stocks","Large cap","Consumer Discretionary","$26,230,848,377","1.06%","26.41","2.06","13.15"
"LEN","Lennar Corporation Class A","Common stocks","Large cap","Consumer Discretionary","$26,139,391,230","1.25%","6.15","0.93","1.17"
"MKC","McCormick & Co  Non-voting","Common stocks","Large cap","Consumer Staples","$25,843,567,365","1.43%","31.77","4.09","5.44"
"LH","Laboratory Corporation Of America","Common stocks","Large cap","Health Care","$25,622,422,000","0.00%","10.81","1.59","2.50"
"ZBH","Zimmer Biomet Holdings Inc","Common stocks","Large cap","Health Care","$25,578,217,975","0.78%","62.90","3.26","1.99"
"GWW","W.W. Grainger Inc","Common stocks","Large cap","Industrials","$25,456,332,915","1.29%","24.60","1.95","13.69"
"LUV","Southwest Airlines","Common stocks","Large cap","Industrials","$25,322,333,621","0.00%","26.17","1.60","2.46"
"EIX","Edison International","Common stocks","Large cap","Utilities","$25,132,660,646","4.00%","32.34","1.69","1.55"
"FE","Firstenergy Corp","Common stocks","Large cap","Utilities","$25,123,670,335","3.49%","19.18","2.26","2.84"
"URI","United Rentals Inc","Common stocks","Large cap","Industrials","$25,034,039,606","0.00%","18.03","2.58","4.17"
"LYV","Live Nation Entertainment Inc","Common stocks","Large cap","Communication Services","$24,971,652,521","0.00%","-37.84","3.98","-43.56"
"DTE","DTE Energy","Common stocks","Large cap","Utilities","$24,756,849,952","2.04%","26.96","1.65","2.80"
"SWK","Stanley Black & Decker Inc","Common stocks","Large cap","Industrials","$24,559,112,982","2.03%","14.75","1.57","2.13"
"VMC","Vulcan Materials","Common stocks","Large cap","Materials","$24,310,281,784","0.82%","36.18","4.38","3.72"
"ENPH","Enphase Energy Inc","Common stocks","Large cap","Information Technology","$24,222,248,558","0.00%","169.91","17.53","57.45"
"MAA","Mid-America Apartment Communities, Inc","REITs","Large cap","Real Estate","$24,182,399,721","1.97%","45.01","13.60","3.98"
"PARA","Paramount Global - Class B","Common stocks","Large cap","Communication Services","$24,059,863,880","2.59%","4.96","0.84","1.01"
"NTRS","Northern Trust Corporation","Common stocks","Large cap","Financials","$24,049,678,699","2.40%","16.03","4.28","1.99"
"MLM","Martin Marietta Materials Inc","Common stocks","Large cap","Materials","$23,902,120,686","0.63%","34.27","4.41","3.68"
"BBY","Best Buy Inc","Common stocks","Large cap","Consumer Discretionary","$23,885,291,562","2.10%","14.24","0.00","8.11"
"IT","Gartner Inc","Common stocks","Large cap","Information Technology","$23,866,638,076","0.00%","30.94","5.04","66.16"
"CDW","CDW Corp","Common stocks","Large cap","Information Technology","$23,805,528,902","1.02%","24.49","1.14","34.30"
"DAL","Delta Air Lines Inc","Common stocks","Large cap","Industrials","$23,773,390,584","0.00%","86.43","0.80","6.20"
"FANG","Diamondback Energy Inc","Common stocks","Large cap","Energy","$23,752,316,050","1.45%","10.69","3.49","1.93"
"VTR","Ventas, Inc","REITs","Large cap","Real Estate","$23,670,145,821","3.00%","484.70","6.18","2.19"
"CHD","Church And Dwight Inc","Common stocks","Large cap","Consumer Staples","$23,609,043,615","1.04%","28.43","4.55","7.28"
"VRSN","Verisign Inc","Common stocks","Large cap","Information Technology","$23,428,207,365","0.00%","30.99","17.65","-19.29"
"HIG","Hartford Financial Services Group","Common stocks","Large cap","Financials","$23,328,038,444","2.07%","10.00","1.09","1.32"
"STE","STERIS PLC","Common stocks","Large cap","Health Care","$23,230,512,600","0.73%","83.79","5.47","3.55"
"MTB","M&T Bank Corp","Common stocks","Large cap","Financials","$23,106,205,050","2.54%","13.02","3.86","1.29"
"ALB","Albemarle Corp","Common stocks","Large cap","Materials","$22,982,480,088","0.79%","187.60","6.91","4.12"
"AEE","Ameren Corp","Common stocks","Large cap","Utilities","$22,836,993,022","2.51%","22.87","3.57","2.33"
"JBHT","JB Hunt Transport Services Inc","Common stocks","Large cap","Industrials","$22,712,404,778","0.60%","29.69","1.87","7.24"
"DOV","Dover Corp","Common stocks","Large cap","Industrials","$22,664,111,319","1.26%","20.42","2.87","5.48"
"MOS","Mosaic","Common stocks","Large cap","Materials","$22,503,696,703","0.55%","14.02","1.82","2.16"
"PKI","Perkinelmer Inc","Common stocks","Large cap","Health Care","$22,501,429,940","0.16%","24.68","4.44","3.23"
"GRMN","Garmin Ltd","Common stocks","Large cap","Consumer Discretionary","$22,461,622,691","2.29%","21.31","4.51","3.77"
"KEY","Keycorp","Common stocks","Large cap","Financials","$22,386,873,678","3.11%","8.81","3.18","1.27"
"ESS","Essex Property Trust, Inc","REITs","Large cap","Real Estate","$22,308,203,197","2.42%","45.51","15.49","3.71"
"COO","Cooper Companies, Inc.","Common stocks","Large cap","Health Care","$22,286,769,492","0.01%","22.12","7.36","3.00"
"ZBRA","Zebra Technologies Corp","Common stocks","Large cap","Information Technology","$22,258,988,969","0.00%","27.72","3.96","7.78"
"VFC","VF Corp","Common stocks","Large cap","Consumer Discretionary","$22,256,842,402","3.42%","16.02","1.92","6.12"
"ETR","Entergy Corp","Common stocks","Large cap","Utilities","$22,186,325,486","3.50%","19.67","1.89","1.88"
"HBAN","Huntington Bancshares Inc","Common stocks","Large cap","Financials","$21,946,916,616","3.96%","18.95","3.66","1.13"
"FTV","Fortive Corp","Common stocks","Large cap","Industrials","$21,903,050,156","0.46%","38.83","4.17","2.34"
"FOX","Fox Corporation Class B","Common stocks","Large cap","Communication Services","$21,875,596,133","1.29%","6.48","1.61","0.82"
"FOXA","Fox Corporation Class A","Common stocks","Large cap","Communication Services","$21,875,596,133","1.19%","8.99","1.61","1.14"
"RF","Regions Financial Corp","Common stocks","Large cap","Financials","$21,807,390,538","2.83%","8.96","3.43","1.17"
"SWKS","Skyworks Solutions Inc","Common stocks","Large cap","Information Technology","$21,806,206,647","1.63%","15.96","4.44","4.19"
"RJF","Raymond James Inc","Common stocks","Large cap","Financials","$21,742,161,963","1.06%","14.29","2.14","2.54"
"HPE","Hewlett Packard Enterprise","Common stocks","Large cap","Information Technology","$21,738,269,573","3.55%","5.96","0.78","1.09"
"DRE","Duke Realty Corporation","REITs","Large cap","Real Estate","$21,331,644,590","1.91%","25.28","19.29","3.56"
"CINF","Cincinnati Financial Corp","Common stocks","Large cap","Financials","$21,220,574,626","1.94%","6.97","2.20","1.57"
"CCL","Carnival Corp","Common stocks","Large cap","Consumer Discretionary","$21,141,408,806","0.00%","-2.02","11.08","1.58"
"CFG","Citizens Financial Group Inc","Common stocks","Large cap","Financials","$20,997,381,131","3.10%","9.42","3.16","0.89"
"MPWR","Monolithic Power Systems Inc","Common stocks","Large cap","Information Technology","$20,986,721,160","0.53%","90.30","17.38","17.57"
"ULTA","Ulta Beauty Inc","Common stocks","Large cap","Consumer Discretionary","$20,961,284,205","0.00%","21.48","2.43","13.79"
"K","Kellogg","Common stocks","Large cap","Consumer Staples","$20,763,148,121","3.75%","13.89","1.46","5.56"
"IR","Ingersoll Rand Plc","Common stocks","Large cap","Industrials","$20,713,450,643","0.08%","24.16","3.84","2.33"
"PAYC","Paycom Software Inc","Common stocks","Large cap","Information Technology","$20,659,860,504","0.00%","110.32","19.57","24.19"
"TDY","Teledyne Technologies Inc","Common stocks","Large cap","Information Technology","$20,431,096,972","0.00%","46.36","4.43","2.71"
"WAT","Waters Corp","Common stocks","Large cap","Health Care","$20,190,187,423","0.00%","29.79","7.25","56.15"
"STX","Seagate Technology Plc","Common stocks","Large cap","Information Technology","$20,160,537,022","1.48%","12.77","1.74","39.25"
"CTRA","Coterra Energy Inc.","Common stocks","Large cap","Energy","$20,127,910,789","1.99%","17.45","5.83","1.72"
"GNRC","Generac Holdings Inc","Common stocks","Large cap","Industrials","$19,762,726,426","0.00%","37.00","5.29","9.20"
"MOH","Molina Healthcare Inc","Common stocks","Large cap","Health Care","$19,704,744,000","0.00%","30.43","0.71","7.62"
"PPL","PPL Corporation","Common stocks","Large cap","Utilities","$19,700,344,899","5.29%","-13.25","3.41","1.43"
"TER","Teradyne Inc","Common stocks","Large cap","Information Technology","$19,587,495,748","0.34%","19.56","5.29","7.79"
"SYF","Synchrony Financial","Common stocks","Large cap","Financials","$19,521,630,708","2.33%","4.69","1.27","1.44"
"BXP","Boston Properties, Inc","REITs","Large cap","Real Estate","$19,485,254,195","3.10%","39.21","6.75","3.33"
"CMS","CMS Energy Corp","Common stocks","Large cap","Utilities","$19,361,780,907","2.61%","14.23","2.62","2.07"
"NTAP","NetApp Inc","Common stocks","Large cap","Information Technology","$19,229,375,163","2.28%","19.72","3.11","22.63"
"BRO","Brown & Brown Inc","Common stocks","Large cap","Financials","$19,199,128,220","0.57%","33.45","6.30","4.68"
"SBNY","Signature Bank","Common stocks","Large cap","Financials","$19,183,544,201","0.71%","21.55","9.59","2.42"
"CF","CF Industries Holdings Inc","Common stocks","Large cap","Materials","$19,115,583,169","1.29%","21.53","2.92","6.16"
"RCL","Royal Caribbean Cruises Ltd","Common stocks","Large cap","Consumer Discretionary","$19,115,007,714","0.00%","-3.69","12.48","3.82"
"POOL","Pool Corp","Common stocks","Large cap","Consumer Discretionary","$19,085,874,140","0.67%","30.09","3.60","18.27"
"CTLT","Catalent Inc","Common stocks","Large cap","Health Care","$19,063,848,174","0.00%","34.84","4.25","4.36"
"AKAM","Akamai Technologies Inc","Common stocks","Large cap","Information Technology","$18,722,560,721","0.00%","29.33","5.41","4.22"
"HOLX","Hologic Inc","Common stocks","Large cap","Health Care","$18,473,826,172","0.00%","10.91","3.36","4.14"
"FLT","Fleetcor Technologies Inc","Common stocks","Large cap","Information Technology","$18,445,103,428","0.00%","22.19","6.51","6.50"
"MGM","MGM Resorts International","Common stocks","Large cap","Consumer Discretionary","$18,418,884,962","0.02%","15.21","1.90","3.05"
"CNP","Centerpoint Energy Inc","Common stocks","Large cap","Utilities","$18,303,894,366","2.25%","13.15","2.19","1.94"
"PFG","Principal Financial Group Inc","Common stocks","Large cap","Financials","$18,296,375,851","3.55%","10.69","1.28","1.13"
"UDR","UDR, Inc","REITs","Large cap","Real Estate","$18,290,669,206","2.50%","124.92","14.17","5.29"
"GPC","Genuine Parts","Common stocks","Large cap","Consumer Discretionary","$18,176,256,752","2.58%","20.37","0.96","5.25"
"OMC","Omnicom Group Inc","Common stocks","Large cap","Communication Services","$18,012,209,154","3.26%","13.21","1.26","4.74"
"ETSY","Etsy Inc","Common stocks","Large cap","Consumer Discretionary","$17,998,027,789","0.00%","38.10","7.73","29.91"
"PEAK","Healthpeak Properties, Inc.","REITs","Large cap","Real Estate","$17,937,255,264","3.56%","35.61","9.46","2.53"
"PWR","Quanta Services Inc","Common stocks","Large cap","Industrials","$17,930,464,857","0.20%","37.16","1.38","3.53"
"J","Jacobs Engineering Group Inc.","Common stocks","Large cap","Industrials","$17,835,780,411","0.62%","61.50","1.27","2.99"
"BR","Broadridge Financial Solutions Inc","Common stocks","Large cap","Information Technology","$17,783,295,142","1.63%","33.23","3.31","10.26"
"EXPD","Expeditors International Of Washington","Common stocks","Large cap","Industrials","$17,722,433,036","1.09%","12.63","1.06","5.12"
"TRMB","Trimble Inc","Common stocks","Large cap","Information Technology","$17,610,210,966","0.00%","36.61","4.81","4.57"
"AMCR","Amcor plc","Common stocks","Large cap","Materials","$17,574,373,001","4.07%","18.60","1.29","3.96"
"TYL","Tyler Technologies Inc","Common stocks","Large cap","Information Technology","$17,523,257,535","0.00%","111.66","11.01","7.76"
"WAB","Westinghouse Air Brake Technologies","Common stocks","Large cap","Industrials","$17,458,034,541","0.54%","31.96","2.23","1.75"
"DGX","Quest Diagnostics Inc","Common stocks","Large cap","Health Care","$17,340,056,010","1.70%","8.71","1.61","2.69"
"TTWO","Take Two Interactive Software Inc","Common stocks","Large cap","Communication Services","$17,255,870,381","0.00%","33.22","5.05","4.77"
"BIO","Bio Rad Laboratories Inc Class A","Common stocks","Large cap","Health Care","$17,177,047,451","0.00%","3.44","5.88","1.07"
"CZR","Caesars Entertainment Corp","Common stocks","Large cap","Consumer Discretionary","$17,042,085,465","0.00%","-16.98","1.80","3.86"
"TECH","Bio-Techne Corp","Common stocks","Large cap","Health Care","$16,961,917,899","0.30%","83.13","16.47","10.28"
"IP","International Paper","Common stocks","Large cap","Materials","$16,925,108,597","4.16%","9.67","0.87","1.87"
"MRO","Marathon Oil Corp","Common stocks","Large cap","Energy","$16,858,752,310","0.95%","17.83","3.01","1.58"
"ROL","Rollins Inc","Common stocks","Large cap","Industrials","$16,838,259,000","1.05%","48.03","6.95","15.57"
"WRB","WR Berkley Corp","Common stocks","Large cap","Financials","$16,837,566,649","0.54%","16.60","1.78","2.55"
"KMX","Carmax Inc","Common stocks","Large cap","Consumer Discretionary","$16,801,771,675","0.00%","14.06","0.57","3.31"
"DRI","Darden Restaurants Inc","Common stocks","Large cap","Consumer Discretionary","$16,660,276,428","3.18%","18.53","1.94","6.71"
"NVR","NVR, Inc.","Common stocks","Large cap","Consumer Discretionary","$16,659,688,759","0.00%","13.65","1.86","5.62"
"CEG","Constellation Energy Corporation","Common stocks","Large cap","Utilities","$16,639,241,129","0.28%","262.18","1.03","1.43"
"SEDG","SolarEdge Technologies Inc","Common stocks","Large cap","Information Technology","$16,616,748,863","0.00%","97.57","8.46","12.60"
"DISH","Dish Network Corp Class A","Common stocks","Large cap","Communication Services","$16,537,219,668","0.00%","3.82","0.92","0.59"
"INCY","Incyte Corp","Common stocks","Large cap","Health Care","$16,455,527,802","0.00%","17.55","5.51","4.41"
"FMC","FMC Corp","Common stocks","Large cap","Materials","$16,320,781,225","1.51%","22.13","3.23","5.37"
"CLX","Clorox","Common stocks","Large cap","Consumer Staples","$16,319,861,208","3.42%","66.57","2.31","52.53"
"TFX","Teleflex Inc","Common stocks","Large cap","Health Care","$16,277,236,373","0.39%","33.81","5.79","4.37"
"TXT","Textron Inc","Common stocks","Large cap","Industrials","$16,252,826,169","0.11%","21.79","1.30","2.39"
"FDS","Factset Research Systems Inc","Common stocks","Large cap","Financials","$16,144,678,495","0.77%","40.88","9.92","15.10"
"XYL","Xylem Inc","Common stocks","Large cap","Industrials","$15,849,290,346","1.29%","37.11","3.05","4.92"
"CAH","Cardinal Health Inc","Common stocks","Large cap","Health Care","$15,845,141,008","3.38%","28.60","0.09","15.84"
"L","Loews Corp","Common stocks","Large cap","Financials","$15,835,315,863","0.39%","9.95","1.36","0.82"
"AES","AES Corp","Common stocks","Large cap","Utilities","$15,623,720,274","2.58%","-38.66","1.40","5.65"
"EPAM","Epam Systems Inc","Common stocks","Large cap","Information Technology","$15,538,648,069","0.00%","34.77","4.13","6.73"
"ATO","Atmos Energy Corp","Common stocks","Large cap","Utilities","$15,502,932,748","2.27%","21.90","4.47","1.84"
"CE","Celanese Corporation","Common stocks","Large cap","Materials","$15,401,732,596","1.90%","8.17","1.80","3.68"
"CAG","Conagra Brands Inc","Common stocks","Large cap","Consumer Staples","$15,379,109,256","3.73%","13.82","1.37","1.75"
"WDC","Western Digital Corp","Common stocks","Large cap","Information Technology","$15,289,158,187","0.00%","7.74","0.81","1.28"
"LNT","Alliant Energy Corp","Common stocks","Large cap","Utilities","$15,260,724,059","2.65%","22.90","4.16","2.52"
"NLOK","NortonLifeLock Inc.","Common stocks","Large cap","Information Technology","$15,087,663,691","1.91%","22.56","0.00","-162.98"
"IEX","IDEX Corp","Common stocks","Large cap","Industrials","$15,069,426,710","1.09%","33.70","5.45","5.40"
"HWM","Howmet Aerospace Inc.","Common stocks","Large cap","Industrials","$14,926,996,291","0.17%","59.63","3.00","4.35"
"EVRG","Evergy Inc","Common stocks","Large cap","Utilities","$14,904,675,500","3.36%","16.88","2.67","1.61"
"PKG","Packaging Corp Of America","Common stocks","Large cap","Materials","$14,843,257,095","2.53%","17.81","1.92","4.12"
"DPZ","Dominos Pizza Inc","Common stocks","Large cap","Consumer Discretionary","$14,755,375,901","0.95%","29.34","3.39","-3.56"
"KIM","Kimco Realty Corporation","REITs","Large cap","Real Estate","$14,727,251,177","2.90%","18.12","10.79","1.50"
"IRM","Iron Mountain Incorporated","REITs","Large cap","Real Estate","$14,352,968,616","4.90%","31.82","3.20","16.73"
"IPG","Interpublic Group Of Companies Inc","Common stocks","Large cap","Communication Services","$14,351,961,343","2.99%","14.90","1.40","4.03"
"CRL","Charles River Laboratories International","Common stocks","Large cap","Health Care","$14,221,919,440","0.00%","37.03","4.02","5.71"
"LDOS","Leidos Holdings Inc","Common stocks","Large cap","Industrials","$14,178,201,148","1.36%","24.84","0.00","3.35"
"AVY","Avery Dennison Corp","Common stocks","Large cap","Materials","$14,107,472,190","1.58%","19.07","1.68","7.33"
"SJM","J.M. Smucker","Common stocks","Large cap","Consumer Staples","$14,054,038,695","2.95%","24.09","1.78","1.68"
"BEN","Franklin Resources Inc","Common stocks","Large cap","Financials","$14,029,355,345","3.99%","7.30","1.62","1.21"
"ABMD","Abiomed Inc","Common stocks","Large cap","Health Care","$14,003,058,930","0.00%","62.40","13.96","9.67"
"QRVO","Qorvo, Inc.","Common stocks","Large cap","Information Technology","$13,967,077,874","0.00%","12.67","3.07","3.04"
"EMN","Eastman Chemical","Common stocks","Large cap","Materials","$13,836,963,631","2.68%","16.24","1.32","2.40"
"APA","Apache Corp","Common stocks","Large cap","Energy","$13,673,392,624","0.60%","13.05","1.71","-8.50"
"MAS","Masco Corp","Common stocks","Large cap","Industrials","$13,659,001,811","1.72%","33.59","1.63","-76.94"
"CHRW","C.H. Robinson Worldwide, Inc.","Common stocks","Large cap","Industrials","$13,521,295,797","2.02%","16.15","0.59","6.74"
"HST","Host Hotels & Resorts, Inc","REITs","Large cap","Real Estate","$13,454,587,809","0.17%","96.39","0.00","2.11"
"UAL","United Continental Holdings Inc","Common stocks","Large cap","Industrials","$13,446,022,671","0.00%","-7.00","0.55","2.73"
"JKHY","Jack Henry & Associates, Inc.","Common stocks","Large cap","Information Technology","$13,418,012,330","1.01%","39.04","7.19","10.62"
"MKTX","Marketaxess Holdings Inc","Common stocks","Large cap","Financials","$13,406,601,305","0.75%","51.91","19.18","12.86"
"LKQ","LKQ Corp","Common stocks","Large cap","Consumer Discretionary","$13,295,909,491","1.07%","12.21","1.02","2.31"
"NWS","News Corp Class B","Common stocks","Large cap","Communication Services","$13,278,884,502","0.88%","8.98","1.32","0.53"
"NWSA","News Corp Class A","Common stocks","Large cap","Communication Services","$13,278,884,502","0.89%","17.45","1.32","1.03"
"NDSN","Nordson Corp","Common stocks","Large cap","Industrials","$13,127,015,539","0.84%","26.92","5.37","6.03"
"RHI","Robert Half","Common stocks","Large cap","Industrials","$13,083,083,782","1.32%","22.25","2.02","9.65"
"DISCA","Discovery Communications Inc Series A","Common stocks","Large cap","Communication Services","$13,074,768,788","0.00%","4.48","1.07","0.39"
"DISCK","Discovery Communications, Inc. - Series C","Common stocks","Large cap","Communication Services","$13,074,768,788","0.00%","8.64","1.07","0.75"
"PTC","PTC Inc","Common stocks","Large cap","Information Technology","$13,051,952,387","0.00%","26.29","7.11","6.72"
"CPB","Campbell Soup","Common stocks","Large cap","Consumer Staples","$12,894,808,103","3.42%","13.90","1.55","3.82"
"VTRS","Viatris Inc.","Common stocks","Large cap","Health Care","$12,869,891,619","4.18%","-10.16","0.72","0.63"
"CTXS","Citrix Systems Inc","Common stocks","Large cap","Information Technology","$12,731,078,799","1.09%","41.25","3.96","23.18"
"AAP","Advance Auto Parts Inc","Common stocks","Large cap","Consumer Discretionary","$12,719,293,996","2.14%","20.46","1.16","4.03"
"UHS","Universal Health Services Inc.","Common stocks","Large cap","Health Care","$12,669,548,928","0.54%","10.01","1.00","1.63"
"WRK","Westrock","Common stocks","Large cap","Materials","$12,586,912,225","2.03%","14.42","0.65","1.07"
"BBWI","Bath & Body Works, Inc.","Common stocks","Large cap","Consumer Discretionary","$12,558,838,379","1.58%","9.73","4.36","-8.56"
"CBOE","Cboe Global Markets, Inc.","Common stocks","Large cap","Financials","$12,540,680,102","1.57%","23.70","3.59","3.47"
"HAS","Hasbro Inc","Common stocks","Large cap","Consumer Discretionary","$12,460,522,397","3.00%","28.96","1.94","4.10"
"CMA","Comerica Inc","Common stocks","Large cap","Financials","$12,410,535,387","2.84%","10.92","4.59","1.58"
"NI","Nisource Inc","Common stocks","Large cap","Utilities","$12,218,304,201","2.93%","23.02","2.49","1.76"
"FFIV","F5 Networks Inc","Common stocks","Large cap","Information Technology","$12,174,966,177","0.00%","36.75","4.57","5.15"
"HSIC","Henry Schein Inc","Common stocks","Large cap","Health Care","$11,899,740,400","0.00%","18.96","0.96","3.49"
"PHM","Pultegroup Inc","Common stocks","Large cap","Consumer Discretionary","$11,773,622,861","1.22%","6.21","0.85","1.61"
"FBHS","Fortune Brands Home And Security","Common stocks","Large cap","Industrials","$11,577,900,692","1.22%","15.10","1.51","3.81"
"REG","Regency Centers Corporation","REITs","Large cap","Real Estate","$11,555,650,912","3.57%","20.65","9.91","1.92"
"WHR","Whirlpool Corp","Common stocks","Large cap","Consumer Discretionary","$11,456,147,498","3.01%","6.40","0.52","2.36"
"TAP","Molson Coors Brewing Class B","Common stocks","Large cap","Consumer Staples","$11,369,625,829","2.01%","10.56","1.11","0.79"
"LNC","Lincoln National Corp","Common stocks","Large cap","Financials","$11,347,520,313","2.58%","8.11","0.59","0.56"
"SNA","Snap On Inc","Common stocks","Large cap","Industrials","$11,236,241,760","2.51%","13.93","1.47","2.72"
"RE","Everest Re Group Ltd","Common stocks","Large cap","Financials","$11,199,550,176","2.16%","8.16","0.99","1.11"
"JNPR","Juniper Networks Inc","Common stocks","Large cap","Information Technology","$11,183,582,198","2.32%","45.10","2.36","2.64"
"LUMN","CenturyLink, Inc.","Common stocks","Large cap","Communication Services","$11,062,653,741","9.04%","5.58","0.56","0.96"
"AOS","A O Smith Corp","Common stocks","Large cap","Industrials","$10,979,416,000","1.58%","18.31","3.10","4.87"
"DVA","Davita Inc","Common stocks","Large cap","Health Care","$10,839,528,000","0.00%","11.18","0.93","14.48"
"AAL","American Airlines Group Inc","Common stocks","Large cap","Industrials","$10,743,599,936","0.00%","-5.46","0.36","-1.48"
"XRAY","Dentsply Sirona Inc","Common stocks","Large cap","Health Care","$10,607,947,814","0.88%","25.15","2.50","2.10"
"ALLE","Allegion PLC","Common stocks","Large cap","Industrials","$10,392,663,763","1.26%","21.58","3.62","13.73"
"ZION","Zions Bancorporation","Common stocks","Large cap","Financials","$10,358,589,371","2.15%","9.35","3.56","1.38"
"SEE","Sealed Air Corp","Common stocks","Large cap","Materials","$10,116,238,004","1.17%","19.98","1.83","40.72"
"AIZ","Assurant Inc","Common stocks","Large cap","Financials","$10,034,168,222","1.52%","7.35","0.98","1.83"
"CDAY","Ceridian HCM Holding Inc.","Common stocks","Large cap","Information Technology","$10,029,196,497","0.00%","-142.17","9.79","4.81"
"TPR","Tapestry","Common stocks","Mid cap","Consumer Discretionary","$9,881,135,182","1.99%","12.12","1.52","3.46"
"IVZ","Invesco Ltd","Common stocks","Mid cap","Financials","$9,813,988,547","3.16%","7.08","1.42","0.64"
"GL","Globe Life Inc.","Common stocks","Mid cap","Financials","$9,796,753,107","0.80%","13.10","1.91","1.13"
"NWL","Newell Brands Inc","Common stocks","Mid cap","Consumer Discretionary","$9,656,580,000","3.99%","16.65","0.91","2.33"
"MHK","Mohawk Industries Inc","Common stocks","Mid cap","Consumer Discretionary","$9,445,060,440","0.00%","9.10","0.84","1.12"
"PNR","Pentair","Common stocks","Mid cap","Industrials","$9,402,379,337","1.42%","17.08","2.50","3.90"
"NRG","NRG Energy Inc","Common stocks","Mid cap","Utilities","$9,366,487,285","3.38%","4.20","0.35","2.55"
"FRT","Federal Realty Investment Trust","REITs","Mid cap","Real Estate","$9,247,695,948","0.91%","36.00","9.72","3.58"
"BWA","BorgWarner Inc","Common stocks","Mid cap","Consumer Discretionary","$9,195,228,396","1.76%","17.24","0.62","1.33"
"PBCT","Peoples United Financial Inc","Common stocks","Mid cap","Financials","$9,061,767,401","3.41%","15.33","4.79","1.15"
"WYNN","Wynn Resorts Ltd","Common stocks","Mid cap","Consumer Discretionary","$8,913,769,325","0.00%","-12.21","2.37","-43.05"
"RL","Ralph Lauren Corp Class A","Common stocks","Mid cap","Consumer Discretionary","$8,715,041,133","1.72%","11.20","1.46","2.06"
"OGN","Organon & Co.","Common stocks","Mid cap","Health Care","$8,706,907,996","2.43%","6.58","1.38","-5.50"
"VNO","Vornado Realty Trust","REITs","Mid cap","Real Estate","$8,700,689,538","4.58%","69.63","5.47","1.42"
"NLSN","Nielsen Holdings Plc","Common stocks","Mid cap","Industrials","$8,598,877,325","1.00%","9.12","2.46","2.51"
"PNW","Pinnacle West Corp","Common stocks","Mid cap","Utilities","$8,393,100,963","4.44%","13.32","2.21","1.37"
"DXC","DXC Technology Company","Common stocks","Mid cap","Information Technology","$7,972,423,373","0.00%","-13.31","0.48","1.70"
"HII","Huntington Ingalls Industries Inc","Common stocks","Mid cap","Industrials","$7,891,033,711","2.33%","14.24","0.83","2.76"
"LW","Lamb Weston Holdings Inc","Common stocks","Mid cap","Consumer Staples","$7,766,940,564","1.77%","40.87","1.99","21.70"
"PENN","Penn National Gaming Inc","Common stocks","Mid cap","Consumer Discretionary","$7,559,368,729","0.00%","17.94","1.28","1.84"
"UA","Under Armour Inc Class C","Common stocks","Mid cap","Consumer Discretionary","$7,482,277,440","0.00%","10.98","1.32","1.89"
"UAA","Under Armour Inc Class A","Common stocks","Mid cap","Consumer Discretionary","$7,482,277,440","0.00%","9.17","1.32","1.58"
"ALK","Alaska Air Group Inc","Common stocks","Mid cap","Industrials","$6,839,562,980","0.00%","14.54","1.11","1.83"
"IPGP","IPG Photonics Corp","Common stocks","Mid cap","Information Technology","$6,174,320,239","0.00%","22.63","4.23","2.29"
"PVH","PVH Corp","Common stocks","Mid cap","Consumer Discretionary","$5,734,667,188","0.09%","20.79","0.00","1.13"
"NCLH","Norwegian Cruise Line Holdings Ltd","Common stocks","Mid cap","Consumer Discretionary","$4,231,381,000","0.00%","-1.84","6.53","3.41"